{"job_id": "d5ijt87ea9qs7393bfqg", "g": 3.665191429188092, "theta": 3.665191429188092, "RL": 1, "DD": "XY4", "time": 13.0}